chrom	pos	id	ref	alt	refcount	altcount	refflank	altflank	refcodon	altcodon	refaa	altaa	effect	snpeff_effimpact	snpeff_funclass	snpeff_genename	snpeff_trnscbiotype	snpeff_genecoding	snpeff_trnscid	sift_trnscid	sift_geneid	sift_genename	sift_region	sift_vartype	sifts_core	sift_median	sift_pred	deleteriousness
chr2R	5090	.	T	C	103	3	AAGATACTT	AAGACACTT	NA	NA	NA	NA	INTERGENIC	MODIFIER						NA	NA	NA	NA	NA	NA	NA	NA	NA
chr2R	5095	.	T	A	16	104	ACTTTGTAG	ACTTAGTAG	NA	NA	NA	NA	INTERGENIC	MODIFIER						NA	NA	NA	NA	NA	NA	NA	NA	NA
chr2R	5110	.	T	A	130	2	AGTTTACCT	AGTTAACCT	NA	NA	NA	NA	INTERGENIC	MODIFIER						NA	NA	NA	NA	NA	NA	NA	NA	NA
chr2R	5118	.	G	T	147	1	TAGTGCCCA	TAGTTCCCA	NA	NA	NA	NA	INTERGENIC	MODIFIER						NA	NA	NA	NA	NA	NA	NA	NA	NA
chr2R	5140	.	C	T	158	2	GACCCAGTT	GACCTAGTT	NA	NA	NA	NA	INTERGENIC	MODIFIER						NA	NA	NA	NA	NA	NA	NA	NA	NA
chr2R	5205	.	G	A	152	1	AGAAGAACC	AGAAAAACC	NA	NA	NA	NA	INTERGENIC	MODIFIER						NA	NA	NA	NA	NA	NA	NA	NA	NA
chr2R	5249	.	A	G	160	1	TAAAATGAC	TAAAGTGAC	NA	NA	NA	NA	INTERGENIC	MODIFIER						NA	NA	NA	NA	NA	NA	NA	NA	NA
chr2R	5298	.	T	G	158	3	CGATTTCAA	CGATGTCAA	NA	NA	NA	NA	INTERGENIC	MODIFIER						NA	NA	NA	NA	NA	NA	NA	NA	NA
chr2R	5334	.	T	G	161	1	AAAGTTTAA	AAAGGTTAA	NA	NA	NA	NA	INTERGENIC	MODIFIER						NA	NA	NA	NA	NA	NA	NA	NA	NA
chr2R	5342	.	G	A	163	1	ATTAGACCT	ATTAAACCT	NA	NA	NA	NA	INTERGENIC	MODIFIER						NA	NA	NA	NA	NA	NA	NA	NA	NA
chr2R	5372	.	T	A	116	50	GACTTAGTT	GACTAAGTT	NA	NA	NA	NA	INTERGENIC	MODIFIER						NA	NA	NA	NA	NA	NA	NA	NA	NA
chr2R	5390	.	T	A	7	163	TAAGTGGTC	TAAGAGGTC	NA	NA	NA	NA	INTERGENIC	MODIFIER						NA	NA	NA	NA	NA	NA	NA	NA	NA
chr2R	5403	.	C	G	169	1	TTGGCGATT	TTGGGGATT	NA	NA	NA	NA	INTERGENIC	MODIFIER						NA	NA	NA	NA	NA	NA	NA	NA	NA
chr2R	260489	.	T	C	191	1	TCCTTGTGC	TCCTCGTGC	NA	NA	NA	NA	INTERGENIC	MODIFIER						NA	NA	NA	NA	NA	NA	NA	NA	NA
chrom	pos	id	ref	alt	refcount	altcount	refflank	altflank	refcodon	altcodon	refaa	altaa	effect	snpeff_effimpact	snpeff_funclass	snpeff_genename	snpeff_trnscbiotype	snpeff_genecoding	snpeff_trnscid	sift_trnscid	sift_geneid	sift_genename	sift_region	sift_vartype	sifts_core	sift_median	sift_pred	deleteriousness
chr2R	5090	.	T	C	103	3	AAGATACTT	AAGACACTT	NA	NA	NA	NA	INTERGENIC	MODIFIER						NA	NA	NA	NA	NA	NA	NA	NA	NA
chr2R	5095	.	T	A	16	104	ACTTTGTAG	ACTTAGTAG	NA	NA	NA	NA	INTERGENIC	MODIFIER						NA	NA	NA	NA	NA	NA	NA	NA	NA
chr2R	5110	.	T	A	130	2	AGTTTACCT	AGTTAACCT	NA	NA	NA	NA	INTERGENIC	MODIFIER						NA	NA	NA	NA	NA	NA	NA	NA	NA
chr2R	5118	.	G	T	147	1	TAGTGCCCA	TAGTTCCCA	NA	NA	NA	NA	INTERGENIC	MODIFIER						NA	NA	NA	NA	NA	NA	NA	NA	NA
chr2R	5140	.	C	T	158	2	GACCCAGTT	GACCTAGTT	NA	NA	NA	NA	INTERGENIC	MODIFIER						NA	NA	NA	NA	NA	NA	NA	NA	NA
chr2R	5205	.	G	A	152	1	AGAAGAACC	AGAAAAACC	NA	NA	NA	NA	INTERGENIC	MODIFIER						NA	NA	NA	NA	NA	NA	NA	NA	NA
chr2R	5249	.	A	G	160	1	TAAAATGAC	TAAAGTGAC	NA	NA	NA	NA	INTERGENIC	MODIFIER						NA	NA	NA	NA	NA	NA	NA	NA	NA
chr2R	5298	.	T	G	158	3	CGATTTCAA	CGATGTCAA	NA	NA	NA	NA	INTERGENIC	MODIFIER						NA	NA	NA	NA	NA	NA	NA	NA	NA
chr2R	5334	.	T	G	161	1	AAAGTTTAA	AAAGGTTAA	NA	NA	NA	NA	INTERGENIC	MODIFIER						NA	NA	NA	NA	NA	NA	NA	NA	NA
chr2R	5342	.	G	A	163	1	ATTAGACCT	ATTAAACCT	NA	NA	NA	NA	INTERGENIC	MODIFIER						NA	NA	NA	NA	NA	NA	NA	NA	NA
chr2R	5372	.	T	A	116	50	GACTTAGTT	GACTAAGTT	NA	NA	NA	NA	INTERGENIC	MODIFIER						NA	NA	NA	NA	NA	NA	NA	NA	NA
chr2R	5390	.	T	A	7	163	TAAGTGGTC	TAAGAGGTC	NA	NA	NA	NA	INTERGENIC	MODIFIER						NA	NA	NA	NA	NA	NA	NA	NA	NA
chr2R	5403	.	C	G	169	1	TTGGCGATT	TTGGGGATT	NA	NA	NA	NA	INTERGENIC	MODIFIER						NA	NA	NA	NA	NA	NA	NA	NA	NA
chr2R	260489	.	T	C	191	1	TCCTTGTGC	TCCTCGTGC	NA	NA	NA	NA	INTERGENIC	MODIFIER						NA	NA	NA	NA	NA	NA	NA	NA	NA
